{"cameraMode":{"drawMode":0,"name":"Shaded","section":"Shading Mode"},"sceneLighting":true,"audioPlay":false,"sceneViewState":{"showFog":true,"showMaterialUpdate":false,"showSkybox":true,"showFlares":true,"showImageEffects":true,"showParticleSystems":true},"in2DMode":false,"pivot":{"x":-29.87265396118164,"y":2.5019917488098146,"z":-2.787965774536133},"rotation":{"x":0.004495400004088879,"y":-0.04557761177420616,"z":-0.00020328929531387985,"w":-0.9989597797393799},"size":9.212804794311524,"orthographic":false}